126858698520932352	I wonder if I was to get at a celebrity's neck on #twitter . Will I be on the news or radio . #planForFame lmfao	O V P O V P V P D S N P ^ , V O V P D N & N , # !	neutral
126883448173510656	•Take Off Make up • Say A Little More On #twitter • Go to Sleep <3 like my plan ? ( ;	V P V T , V D A A P ^ , V P V E P D N , , ,	positive
126874389210861568	@Licia0321 Damn what the hell , I think my #Twitter might need a damn #Exorcist !!	@ ! O D N , O V D ^ V V D A N ,	negative
126861630695940096	@HOLLYcash mann u can have ah olelady but them hoes for everybody son I been doin dis u stop catchin feelings its #twitter	@ N O V V ! ^ & D N P N N O V V D O V V N L ^	neutral
126864131289661441	Somebody help me ? Is apple not on Twitter ? That seems very weird . #apple #twitter	N V O , V N R P ^ , O V R A , # #	neutral
126876760062181376	“ @RealJaythoven #twitter and #Facebook gone get sumbody beat up mane everybody b so reckless ”	, @ ^ & ^ V V N V T N N V R A ,	neutral
126874159606267904	Why everytime I spazz on #twitter yall think some chick done hurt my feelings .. I aint w/ Annette no more .. Lol	R R O V P ^ O V D N V V D N , O V P ^ R A , !	neutral
126874883207610368	@LOvely_MsToya relaxin , my mind ! And #twitter	@ V , D N , & #	neutral
126869939536674816	#Twitter honey i don't freaking know anymore ><"	^ N O V V V R E	neutral
126882971411165185	@ammmylewis ... Did @CarsonFratus just ditch Twitter for sleep ?? #Weirdo ... #Twitter > Sleep	@ , V @ R V ^ P N , # , # , N	positive
126862030979334144	RT @AmySimendinger : @rachiecrewz dude you can't just makeup your own fucking hashtags ... learn how to use #twitter	~ @ ~ @ N O V R N D N A N , V R P V ^	neutral
126871663299137536	im tired gonna get to bed peace out #twitter	L A V V P N N P ^	neutral
126883457614884864	Sneaky , sneaky . Seven ways to spy on your competition , using #Twitter - http://t.co/RxopvNGQ - via @ruhanirabin @AskAaronLee	A , A , $ N P V P D N , V ^ , U , P @ @	neutral
126883562652844033	#Twitter y #Facebook OFF	^ R ^ P	negative
126869134238679042	FUCK #facebook #twitter is way better #teamfollowback #followme	V ^ ^ V R R # #	positive
126869302887464960	#Twitter off ! See ya :D @justinbieber Love u and have #SweetDreams . ♥	^ T , V O E @ V O & V ^ , E	neutral
126877416630136832	got my blade for these #twitter streets third shift	V D N P D ^ ^ A N	neutral
126876823723315200	Wishing I can sleep all day 2morrow but I got practice ... GN #Twitter	V O V V D N N & O V N , ! ^	neutral
126871286545788928	WHY DFF IS #TWITTER STILL LAGGIN ON SHOWIN WHO RETWEETS UR SHITT	R ! V ^ R V P ^ O V D N	negative
126870940570226688	Lmao . RT @MissAyunnaaa Well that's my que , bye #Twitter , #oomf finna start quotin lines from #ATL lol	! , ~ @ ! L D N , ! ^ , N P V V N P ^ !	neutral
126861952369700865	#Twitter'Offf :D	^ E	neutral
126866177778655233	wanted to say nite #twitter	V P V N #	neutral
126881523755528192	@IDGAFBoutYou llssss . yea I kno . lol . I ain't been fuckin wit dis joint . I guess #twitter missed me tho huh . slsss . lol	@ ! , ! O V , ! , O V V V P D N , O V ^ V O R ! , G , !	neutral
126868017106780160	#Twitter Buzz Builds for the #Occupy_Wall_Street Movement [ CHARTS ] http://t.co/gHCez2Yk	^ ^ V P D N N , N , U	neutral
126865802434580480	twitter people when someone blocks u can they see ur twitts direct to them ? #twitter	^ N R N V O V O V D N A P O , #	neutral
126872338158452736	even if I skip the newspaper , I don't worry coz I get all news updates at #Twitter . :)	R P O V D N , O V V P O V D N N P ^ , E	neutral
126869604348862464	It's #real when you tell ur man how ur gfs roasted your ex on #twitter and he's like good job babe lol	L A R O V D N R D N V D N P ^ & L R A N N !	neutral
126858194046816256	the marijuana loud so the hoes follow like #Twitter	D N A P D N V P ^	neutral
126874662268452864	Ohemgee . Be a follower ..... #twitter	! , V D N , #	neutral
126880813991202816	So my mentions don't work ? And my TL don't be wanting to update . Is #twitter moving servers or doing maintenance ?	P D N V V , & D N V V V P N , V ^ V N & V N ,	negative
126859604985511937	Ain't really been on all day ! Suppppp #Twitter	V R V P D N , ! ^	neutral
126872221292576768	#Twitter'OFF :| GN'♥	# E !	neutral
126862947346694144	RT @Grazitti : #Twitter to Reformat All URLs With T . coRT @mainey_maine : RT @ItalianJoya i better be able to see my RT's tomorrow #twitter and tell that lil blue ass bird , ( cont ) http://t.co/ ...	~ @ ~ ^ P V D N P N , ~ @ ~ ~ @ O R V A P V D N N ^ & V D A A N N , , ~ , U ~	neutral
126882964582838272	Goodnight #twitter	! ^	negative
126860173053669376	RT @JennyOrWuuut : I wishh #twitter would tell me who retweets my stuff .	~ @ ~ O V ^ V V O O V D N ,	neutral
126861036803473408	dear @twitter / #twitter FIX YOUR SHIT . we cant see our retweets or mentions !	! @ , ^ V D N , O V V D N & N ,	neutral
126867876115259394	@briannaa___ Pls let us know if you need help w/ music marketing promo . We got #Twitter & #Youtube on lock . http://t.co/8HFfjJv5	@ V V O V P O V V P N N N , O V ^ & ^ P N , U	negative
126860933988483073	17 Things You Didn’t Know About #Twitter : http://t.co/LL61rx2R via @TweetSmarter RT @sharonhayes @ChoiceZnewZ #facts	$ N O V V P ^ , U P @ ~ @ @ #	neutral
126870756926816256	Caramba , a mais de 4 dias ninguem fala em mim ou de mim aki no #twitter . Nem mesmo minha noiva . #Fuieskecido ...	^ , D ^ P $ N G G O G G P G G D N , G G G G , # ~	neutral
126883630369882112	RT @Te_AmoTam : #twitter is not #eharmony	~ @ ~ ^ V R ^	neutral
126876452762296321	" Straight Outta Hak Mob " RT @Jhon_Doe_Smokes : Out of my 7 months of actually gettin on #Twitter . I've only bee … ( cont ) http://t.co/qDM3X8BB	, A P ^ N , ~ @ ~ P P D $ N P R V P ^ , L R V , , ~ , U	neutral
126872821375827968	Hitting the sack early . G-night #twitter	V D N A , ! ^	neutral
126872199838699520	Hello !!! Centuries past till to write on #twitter !!! Love you !!! :)	! , N A P P V P ^ , V O , E	neutral
126874886378496000	I Feel Like #Promoting Anyones #Twitter Page (♦MENTION ME IF YOU WANT TO GET #PROMOTED ♦) [ #PromoteBack ] #Followback	O V P V D ^ ^ ^ O P O V P V V G , # , #	neutral
126858281867149312	Put your twitter on autopilot and let it gain followers for you !! http://t.co/hze1TqAl #TeamFollowBack #Twitter #autopilot #1000aday 25	V D ^ P ^ & V O V N P O , U # # # # $	neutral
126876948206075904	#Twitter <33333	^ E	neutral
126872175490764802	Zzzzzzzzzzzz ... #night #Twitter #GodBless	G , ! ^ #	positive
126880178705141762	wow good old classic #HoodMemories some #Classic moments there i had to share on #Twitter	! A A N # D A N R O V P V P ^	neutral
126875887093293056	Twitter Buzz Builds for the Occupy Wall Street Movement [ CHARTS ] http://t.co/E44Qd1u2 #Twitter	^ ^ V P D N ^ ^ N , N , U #	neutral
126871086863355905	Why do I always blow up #twitter at like 1am ? #sorryfollowers	R V O R V T ^ P P $ , #	neutral
126881380503273472	Can anyone please explain to us why the #Retweet " issue " is happening to many , but not to others ? #twitter #tweeting #tweeps	V N V V P O R D N , N , V V P A , & R P N , # # #	neutral
126874174722539520	The Power of #Twitter http://t.co/wtVvZ8G4	D N P ^ U	neutral
126864141561507840	#Twitter how do you know that I think that @SofiaVergara is the funniest member of the #ModernFamily cast ?!	^ R V O V P O V O @ V D A N P D ^ N ,	neutral
126859530305929216	#twitter off !! *	^ P , ,	neutral
126863870689165312	There is no social media without #Twitter ... Who could be #Twitterless ?	X V D N N P ^ , O V V ^ ,	neutral
126875441217798144	Gonna Crash Out Pretty Tired , Night #Twitter <3	V V T R A , N ^ E	positive
126868627109584896	@Presidential_FU do me wrong #twitter	@ V O A ^	neutral
126861637931118592	#Twitter .... Side Affects include : Procrastination , No Sleep , Unable to Focus on ANYTHING , Subtweeting , RT , TT , and Low Batteries	^ , N V V , N , D N , A P V P N , V , V , N , & A N	neutral
126869855621218304	@bhammz Welcome to #Twitter	@ V P ^	negative
126870119363260416	Nite #twitter	N #	neutral
126879759866142720	8am dentist appointment , i really should be going to bed ... #makesnomovetogetupfromcomputer #twitter	$ N N , O R V V V P N , # #	neutral
126881960416120832	@deferom lol omg you should write #none #twitter #foreveralone . Don't forget the hashtags .	@ ! ! O V V N # # , V V D N ,	neutral
126862170502860800	@THEmattbruening Took your #Twitter virginity . #bitch	@ V D ^ N , #	neutral
126876501755957249	GN #TWITTER	! ^	neutral
126863949584023552	Follow your interests #twitter	V D N #	neutral
126866562111123456	Mo'fucka i dont give a fuck it its #FaceBook or #Twitter i express my self how ever da fuck i can .. so go suck a dick u bitch .! Haha	N O V V D N O L ^ & ^ O V D N R R D N O V , R V V D N O N , !	neutral
126858718762639360	RT " @RobyQQ : Your #Twitter followers either like you for your sense of humor or sex appeal . " -- I guess , I'm funny then ... LOL !	~ , @ ~ D ^ N & P O P D N P N & N N , , , O V , L A R , ! ,	neutral
126880102226206720	. @chrispirillo Re . #twitter 1,402,239 positive opinions http://t.co/uUd7ea3v ? vs . 688,546 negative http://t.co/Q7Kf5xKz ?	, @ N , # $ A N U , V , $ A U ,	neutral
126883719368818688	I think @SchwastySmack needs to cool her roll on her #twitter game .	O V @ V P V D N P D ^ N ,	neutral
126870699108339712	Things that #heatmeup : when people put the # on facebookposts when they dont even have a #twitter . #getaclue	N P ^ , R N V D ^ P ^ R O V R V D ^ , #	neutral
126870651112927232	#twitter is jumpin as usual :)	^ V V P A E	neutral
126857095088840706	Put your twitter on autopilot and let it gain followers for you !! http://t.co/hze1TqAl #TeamFollowBack #Twitter #autopilot #1000aday 19	V D ^ P ^ & V O V N P O , U # # # # $	positive
126863275450310656	@BenFolds p.s. I would have never used the word " playa " over " player " if #Twitter wasn't so restrictive ...	@ ! O V V R V D N , N , P , N , P ^ V R A ,	neutral
126872267257950209	#Followme dijo #Twitter :D	# ! ^ E	neutral
126865954645884928	Get your #Twitter #marketing #campaigns built by an #SEO expert : http://t.co/7FttDde4	V D ^ N N V P D ^ N , U	neutral
126862939159412740	Increase your #twitter followers and or your #fan count via - http://bit.ly/qMc4K7	V D ^ N & & D N V P , U	neutral
126856031367204865	gotta get back on my #twitter #grind	V V T P D ^ #	neutral
126867879382614016	@Marlorific well , I feel great about being your first #twitter friend :)	@ ! , O V A P V D A ^ N E	neutral
126877666040225792	Ahhh !! Why is #Twitter so #addicting	! , R V ^ P #	neutral
126862244075151361	RT @CNBC : The World's 10 Most Tweeted Moments - Link to Story http://t.co/iKZiM8i5 #Twitter	~ @ ~ D Z $ A V N , N P N U #	neutral
126864641174417408	Gotta love #Twitter - shit goes round the World like lightning-on-speed ...	V V ^ , N V V D N P N ,	neutral
126879785908580352	WordPress Plugin - 2-Klicks-Button - ... http://t.co/UjIvD1xu #2 -Klicks-Button #Facebook #Google + #Like #Socialshareprivacy #Twitter	^ ^ , $ , ~ U $ N ^ ^ & # # #	positive
126876078592638976	RT @KiLLiN_EmSoftly : who follows ppl then unfollows them ?!.. #YourLameAsHell tryna make it seem like your somebody IMPORTANT !! it's onl ...	~ @ ~ O V N R V O , # V V O V P D N A , L G ~	neutral
126869749098487809	RT @iGainFollows : Put your twitter on autopilot and let it gain followers for you !! http://t.co/hze1TqAl #TeamFollowBack #Twitter #autop ...	~ @ ~ V D ^ P ^ & V O V N P O , U # # # ~	neutral
126874503455318016	I just installed the new Twidroyd for #Twitter on my #Android Phone - It's #Free , give it a try . http://t.co/UGPTuUcZ	O R V D A ^ P ^ P D ^ ^ , L A , V O D N , U	neutral
126864886402777088	RT @iTweetTechNews : Famous wrestler Razor Ramon is trending on #Twitter .	~ @ ~ A N N ^ V V P ^ ,	neutral
126868754033426434	@IamTinaThompson @JudgeGregMathis is on #twitter also !!	@ @ V P ^ R ,	neutral
126867371364319232	#Twitter Buzz Builds for the #Occupy_Wall_Street Movement [ CHARTS ] http://t.co/znFYtK9P @mashable #social	^ ^ V P D N N , N , U @ #	neutral
126860691255721984	@king_fizzy & @_Bigrob step your #twitter game up @elijahcrago is starting to catch up	@ & @ V D ^ N P @ V V P V T	neutral
126866968753086464	#Twitter Thank you . Read those great tweets . helps live better ! :) Bows .	^ V O , V D A N , V V R , E V ,	neutral
126868868512743425	#Twitter FDP	^ ^	neutral
126877729856557056	Lol itss ben a #year since i had a #twitter but i jus start using it	! L ^ D N P O V D ^ & O R V V O	neutral
126869751476654080	ONE SERIOUS STATEMENT THO ! #Twitter BLOCKED the #Troy Davis #TT #Twitter was COOL w #AmberCole in my opinion .... BULLSHIT .	$ A N R , ^ V D ^ ^ # ^ V A P ^ P D N , N ,	neutral
126859326294999041	#twitter addict :)	^ N E	neutral
126867350476697601	Being Choosy With Twitter : The Follow-Back Conundrum http://t.co/K2rRC2ir #socialmedia #twitter #mediagofer @media_guerilla @SMsavvy	V A P ^ , D N N U # # # @ @	positive
126861453209767936	Good Night #Twitter .	A N ^ ,	neutral
126881596086288385	Trying to identify a #constantcontact expert - anyone on #twitter ?	V P V D N N , N P ^ ,	neutral
126873366304010240	GOODNITEE #TWITTER !!!	! ^ ,	neutral
126859485322035200	Do real thugs have #twitter ? #confusedbymytimeline	V A N V ^ , #	neutral
126874421829971968	Told myself I was in the bed #early tonite & somehow I end up back in the computer lab on #Twitter ... smh guess it's the #Gemini in me	V O O V P D N A N & R O V T R P D N N P ^ , G V L D ^ P O	neutral
126860800978722816	RT @TeachHub 50 Ways to Use #Twitter in the Classroom http://t.co/lJiN0See #education #ntchat	~ @ $ N P V ^ P D N U # #	neutral
126871437322629120	@IGoHard_NoBONER Yooooo " Mena Malia " lOl I love your #Twitter name	@ ! , ^ ^ , ! O V D ^ N	neutral
126860267178049536	#TWITTER #OFF DO #BrUnODeLuCaS : 」	^ # V # , E	neutral
126856387211960320	#Twitter -off	^ A	neutral
126859246213136384	RT @jeffbullas Twitters impressive numbers http://t.co/VJRSsfYn #Twitter #SMM #SocialMedia	~ @ N A N U # # #	neutral
126870551032643584	@madtruckman ' Modern Day Autograph " , I like the way you put that . #twitter	@ , ^ ^ N , , O V D N O V O , #	positive
126855838047547392	My #twitter age is 1 year 65 days 18 hours 47 minutes 24 seconds . Find out yours at http://t.co/tQMSBDrx #twittertime	D ^ N V $ N $ N $ N $ N $ N , V T O P U #	neutral
126881736364785664	@asshsmith never #twitter is where i #speakmymind #hahahahahaha	@ R ^ V R O # #	neutral
126857916631355393	AbOut TO BAMMER On #Twitter	P P ^ P ^	neutral
126859623671152640	I wanna make the goose bump on your inner thigh show #twitter after dark ;)	O V V D N V P D A N N N P A E	neutral
126882832319651840	#TroyHopson needs a #twitter . Swear	# V D ^ , V	neutral
126882617843924992	☼ #SOLAR ☺ @RhondaParsons ☼ @SOLar_sister ( A simpLe @ #symboL and AN #underscore ) This is #twitter WHERE WE #twEEt ☼	G # E @ ~ @ , D A P N & D N , O V ^ R O # G	neutral
126855856414404608	@jacobstanton2 #twitter has kind of turned into our #lives	@ ^ V N P V P D N	neutral
126877936514105344	#Twitter TEAMO ♥ Chao !	^ ! E ^ ,	neutral
126877056578486272	#Twitter -on-	^ P	positive
126861880194109440	Welcome to #twitter @jackpot15 !!	V P ^ @ ,	neutral
126867320005066752	This #TT was well needed cuz I thought #Twitter was dien .	D N V R V P O V ^ V V ,	neutral
126858149859831808	What Is A #Facebook “ Like ” Worth For Your Business ? http://t.co/BsT25W2u #SMM #SocialMedia #Twitter	O V D ^ , P , V P D N , U # # #	neutral
126866520486846465	But fb still sucks & #twitter beats it anyday !	& ^ R V & ^ V O R ,	neutral
126862735953768448	RT @wbasinger : RT @TeachHub : 50 Ways to Use #Twitter in the Classroom http://t.co/AFHx3m2n	~ @ ~ ~ @ ~ $ N P V ^ P D N U	positive
126872465635938304	I feel all alone on #twitter . #itstolate	O V D A P ^ , #	neutral
126869039233511425	#Follow my main #Twitter @AikoChristine need more #followers help me get to 500	V D A ^ @ V A N V O V P $	negative
126880621170659328	@Adaddy101 @johnodame .. all this flirting over #twitter is starting to make me think you guys got a crush on each other #bromance .	@ @ , X D V P ^ V V P V O V O N V D N P D A N ,	neutral
126869850751631361	@Katieec7 lmao I love it please be on #twitter all the time so I have another friend to @mention	@ ! O V O V V P ^ X D N P O V D N P @	neutral
126862728181714944	RT @Luisfitq : Ty ! RT @nine_oh : SIMPLY DA BEST ON #TWITTER MY TWEEPS @MsCarieFWR @dizzleb19 @LBN_Prod @Federal_and_Co @KimDeanMusic @mscre ...	~ @ ~ N , ~ @ ~ R D A P ^ D N @ @ @ @ @ @ ~	neutral
126874799099219969	Good lord #twitter send my bloody tweets ! #ihateyourightnow	A N ^ V D A N , #	neutral
126869063023607808	RT @JLachance04 : What a day @davislachance and @braedonrice get #twitter @BigDenMoments	~ @ ~ O D N @ & @ V ^ @	negative
126862821635002368	@SeanL44 It may be a little much . Haha #droptheknife and add @frankhenchUSA to the picture like on your #Twitter account . #growuppeterpan	@ O V V D A A , ! # & V @ P D N P P D ^ N , #	neutral
126863525481156608	A nigga can't even go to sleep nd wake up good ppl be trip'n over #Twitter	D N V R V P V & V T A N V V P ^	neutral
126882090343079937	RT @MattMarcheski : @AlexMufferi #twitter > facebook	~ @ ~ @ # G ^	neutral
126876107881455616	getn off gn #twitter	V T ! #	positive
126878409023426560	@SGarney I put the picture up on #twitter . I did it cause everyone on twitter is cool and your not . #getsamanthaofftwittereveryone	@ O V D N T P ^ , O V O P N P ^ V A & L R , #	neutral
126879759316697088	Thought about changing my #twitter profile to I'm tall , dark & single , but don't think I could take the responses if any ! Lol . Night folks .	V P V D ^ N P L A , A & A , & V V O V V D N P D , ! , N N ,	neutral
126866575700664320	@JakeDizzleWins We Need To Speak Sum Real Shit On #Twitter	@ O V P V D A N P ^	neutral
126878622509309952	My #twitter age is 1 year 243 days 22 hours 31 minutes 44 seconds . Find out yours at http://t.co/dniOkchP #twittertime	D ^ N V $ N $ N $ N $ N $ N , V T O P U #	neutral
126880035507412992	RT @Crazy_Golfer : " If you lose followers on #Twitter don't worry even Jesus lost followers " ~ Unknown #quote via @smqueue	~ @ ~ , P O V N P ^ V V R ^ A N , G A N P @	neutral
126875734005399552	RT @FucknWithFatty : #Twitter needs to get their shit together cause they fucking up ! I'm not getting my RT's or mentions . -______________-	~ @ ~ ^ V P V D N R P O V T , L R V D N & N , E	neutral
126872265328562176	@LuCkY_2_HaVe #Twitter	@ ^	negative
126879662851887104	RT @Jackiebaaby_ : #'s are #for #twitter #NOT #facebook . Duuuuhhh	~ @ ~ # V P ^ # ^ , !	positive
126879484736585729	Waz Sup #Twitter	V ! ^	neutral
126862517216612354	RT @ItalianJoya : i better be able to see my RT's tomorrow #twitter and tell that lil blue ass bird , and fat ass over capacity whale to !	~ @ ~ O R V A P V D N N ^ & V D A A N N , & A N P N N P ,	neutral
126878448575717376	#Everybody on #twitter go in tha . #bathroom and say #bloodymary3 times wit tha light off	N P ^ V P D , # & V ^ N P D N P	negative
126866628859281408	booiiiii me feeel like some slp a come on Gd nite #twitter	N O V P D N D N P A N #	neutral
126864610958647296	How strategic is our technology agenda ? http://t.co/bmeiy5rq #Twitter #Strategy	R A V D N N , U # #	neutral
126874532555399168	@Bthompson16 if I was #toocool for #twitter then I wouldn't go on it and as a result my life would be boring so I don't think I am	@ P O V N P ^ R O V V P O & P D N D N V V A P O V V O V	neutral
126876778806509568	RT @BigMelo216_TSA : On da phone wit @AllThisASS & she was HAPPY AF !!! she got out #Twitter JAIL ! thirsty lol	~ @ ~ P D N P @ & O V A N , O V T ^ N , A !	neutral
126880481361920000	Getting ready 4 bed ... School tomorrow . We have an evacuation at school ! Night #Twitter =]	V A P N , N N , O V D N P N , N # E	neutral
126869378452037632	- Ima Addicted To #Twitter .	, L V P ^ ,	neutral
126867260106227713	twitter just helped me find the song from the end of a TV show i just watched . #Twitter > ...	^ R V O V D N P D N P D N N O R V , # G ~	neutral
126868330098331648	RT @KanvasKings : 1,500 #followers on #Twitter and 2,500 #fans on #Facebook ? Takeover imminent ? #HellYeah . ALL SHIRTS JUST $15 til Monday !	~ @ ~ $ N P ^ & $ N P ^ , N A , # , D N R $ P ^ ,	positive
126872156763201536	#Twitter got me all messed up everytime i compose a text msg i get stressed I only have 140 caracteres ! all dis networkin is gettin confusin	^ V O D V T R O V D N N O V V O R V $ N , D D N V V A	neutral
126873912624693249	RT @LIL_HAM05 : @Nikki_BoBo #Twitter after dark	~ @ ~ @ ^ P A	negative
126875080084033536	#twitter is sooo trash ritenow with all dezz #highscoolmemories -__-	^ V R N N P D O # E	neutral
126871878886363136	These Hoes Follow Me Like #Twitter !	D N V O P ^ ,	negative
126871955419836417	#Twitter it's been a pleasure but I have to go exercise and eat dinner ! Possibly be back b4 I sleep ? We'll c ! I am #BLESSED & we all are ! =)	^ L V D N & O V P V N & V N , R V R P O V , L V , O V A & O X V , E	neutral
126869816584839168	Whats a good #twitter ap for #iOS that links to #FB accounts to post links ? #help	L D A ^ ^ P ^ D N P ^ N P V N , #	neutral
126860700915208193	@science_alex hashtags are used here #twitter > facebook	@ N V V R ^ , ^	neutral
126860046981279744	#Twitter , will you please fix this RT problem ?	^ , V O V V O V N ,	positive
126877245347348480	Meu twitter tá ficando velho já , My #twitter age is 285 days 8 hours 52 minutes 40 seconds	G ^ G G G G , D ^ N V $ N $ N $ N $ N	negative
126859432511537152	RT @nataliajones : Use #Twitter to generate traffic to your website http://t.co/72YmN3kD	~ @ ~ V ^ P V N P D N U	neutral
126866034048241664	#bedtime #goodnight #twitter	# # #	neutral
126858276339056640	@ThatsRealTalkin I'm doing the Tallman #Twitter list for fun !! I just wanna see how many men 6'3 and up are on Twitter ! It's just for fun :)	@ L V D ^ ^ N P A , O R V V R A N V & T V P ^ , L R P A E	neutral
126882193967550464	ALRIGHT I'm going to sleep . #GoodNight #Twitter	! L V P V , ! ^	neutral
126878688682835968	RT @Sour_D_Reyyy : @obsexxed69 got one of the dopest blogs on #Twitter and #Tumblr ... #RealTalk	~ @ ~ @ V $ P D A N P ^ & ^ , #	neutral
126883672682004480	Thanks Irma @TellJuicy " TWITTER 4 BUSINESS " November 16 http://t.co/gOrDf5dj @KingstonCC #Twitter #Melbourne #Business	N ^ @ , ^ P N , ^ $ U @ ^ # #	neutral
126868239203573760	@winnipeg_rt @andkatmy #Winnipeg needs better local news coverage , tired of not being in the know Thanks #twitter	@ @ ^ V R A N N , A P R V P D N N #	neutral
126867119592837121	#Twitter I apologize 4 being out of line regardless what sum1 does I promise 2 remain humble keep it from public eye ! iloveya #HennessyNation	# O V P V P P N R O O V O V P V A V O P A N , G #	neutral
126870788564467713	RT @The_Kase Do real thugs have #twitter ? #confusedbymytimeline // Hell no .	~ @ V A N V ^ , # , N ! ,	neutral
126875894177480705	#goodmourning #twitter	# #	neutral
126877420178522113	RT @TreyHob21 : #twitter gives everyone that voice that they believe should be heard by people ... unlike real life ... lol	~ @ ~ ^ V N P N P O V V V V P N , A A N , !	neutral
126861364227608577	i've been slackin on my #twitter game	L V V P D ^ N	positive
126871066760065024	#Twitter is hella coo ... like farreal i love twitter .	^ V R A , P N O V ^ ,	neutral
126869964144644097	@KushKitty420 you , #Facebook #twitter and the #tv are all #distractions whenever I wanna study ;(	@ O , ^ ^ & D N V D N R O V N E	positive
126859898897174528	I didnt know there wad a test .. RT " @DashBurst : Downloadable #Twitter Cheat Sheet - http://t.co/bHXpqYo5 "	O V V R V D N , ~ , @ ~ A ^ ^ N , U ,	negative
126865419830177794	I had my #Twitter account for like 3 years now ..... and I only made 4,783 tweets ? o_O	O V D ^ N P A $ N R , & O R V $ N , E	neutral
126865038479867904	on oovoo with @_LoveIsThe_Ki dumb ass #excuseme #twitter	P ^ P @ A N # #	neutral
126880926268526592	Ok so my #EX girlfriend hacked my #TWITTER this should be funny	! P D N N V D ^ O V V A	neutral
126872982315474945	@cpmorris congrats on joining #twitter	@ ! P V ^	neutral
126869876588552192	To much #twitter taking a break . ♣	P A ^ V D N , E	neutral
126867711807598592	GoodNight #Twitter :)	! ^ E	neutral
126873686987902976	I might call it a night goodnight #twitter	O V V O D N ! ^	neutral
126868831493820416	Karate kid , skittles and cranberry juice . Goodnight #twitter	^ N , N & A N , ! ^	neutral
126876736137871361	U can't see who RTed Ur stuff , & this is because of #twitter #censorship ? Jeez , people . It's #binaryfaires teaching your vain ass a lesson !	O V V O V D N , & O V P P ^ N , ! , N , L # V D N N D N ,	neutral
126877527674322944	RT @_Shelly : mm but yeo .. #twitter .. free up @_tashaaiWESTEND ! free up @_tashaaiWESTEND ! free up @_tashaaiWESTEND !	~ @ ~ ! & ! , # , A P @ , A P @ , A P @ ,	neutral
126875267674284032	@8Sunni Yeah shit happens , #Twitter is a real whore sometimes !	@ ! N V , ^ V D A N R ,	neutral
126873860745330689	When I say I'm going to bed that really means I'm gonna sit on twitter for 30 min then go to bed ! #Twitter <3	R O V L V P V O R V L V V P ^ P $ N R V P N , # E	negative
126877362632667136	@msleamichele @NayaRivera @DiannaAgron @MsAmberPRiley please could u somehow convince #hemo to join #twitter we need her awesomeness !! #glee	@ @ @ @ V V O R V ^ P V ^ O V D N , #	positive
126869575202643968	RT @MyHoopDreams : Im Chillin Man Trying To Stay #Humble Its Just Hard When Niggas Hatin And Pump Fakin Via #Twitter	~ @ ~ L V N V P V # L R A R N V & N V ^ ^	neutral
126874543770976256	Damn girl I'll follow u to the end of the road #twitter	! N L V O P D N P D N #	neutral
126865837800951808	its funny how you can take time out your precious #twitter time to monitor or judge what in saying	L A R O V V N P D A ^ N P V & N O P V	neutral
126870091341115392	My cuz @Robbase101 is new to #twitter drop him a follow and show him some love . Esp if you like #Canes #Jets #Yankees & #Knicks #sports	D P @ V A P ^ V O D N & V O D N , R P O V ^ ^ ^ & ^ #	neutral
126883438954422274	I hate when my phne do what it want on #twitter	O V R D N V O O V P ^	neutral
126862547214286848	RT @jeffbullas : Twitter Reveals It’s Latest Growth Numbers http://t.co/SujtK4fS #Twitter #SMM #SocialMedia	~ @ ~ ^ V L A N N U # # #	neutral
126876394339831808	I'm not getting all of my @ replies #twitter if it wasn't for my emails telling me that some1 replied to me I wouldn't even know it #nobueno	L R V D P D P N ^ P O V P D N V O P O V P O O V R V O #	neutral
126881658854064128	@loveguru_b i miss my #twitter boo	@ O V D ^ N	negative
126883364887203840	Follow your interests . #twitter	V D N , #	positive
126870941992091648	Can an algorithm be wrong ? #Twitter Trends , the specter of #censorship , and our faith in the algorithms around us http://t.co/3NxZT7hd	V D N V A , ^ N , D N P N , & D N P D N P O U	neutral
126880329913995264	1*Birthday * Shout-Out to 2 of my favorite people on #twitter !! @lizpope & @TheTinyJEWELBox Happy Birthday girls !	$ , V P $ P D A N P ^ , @ & @ A N N ,	neutral
126882244982878208	RT @iLoveMyTats : Lmao . RT @MissAyunnaaa Well that's my que , bye #Twitter , #oomf finna start quotin lines from #ATL lol	~ @ ~ ! , ~ @ ! L D N , ! ^ , N P V V N P ^ !	neutral
126872871254491137	I just installed Twidroyd for #Twitter on my #Android Phone - It's #Free and you can mute users :) http://t.co/kIHs1HRm	O R V ^ P ^ P D ^ ^ , L A & O V V N E U	neutral
126863876066254848	Ha ! Even #twitter is telling me we're meant to be !	! , R ^ V V O L V P V ,	neutral
126883185396170752	Good night #Twitter Off (:	A N ^ P E	neutral
126866981377941504	#Niggas on here talking bout sharing one condom with his boy to run a train on the same girl only on #twitter you #nasty muthafucka	# P R V P V $ N P D N P V D N P D A N R P ^ O A N	neutral
126877965064740864	@BrianCrockerJr yeah , it shows . glad you have #twitter :)	@ ! , O V , A O V ^ E	neutral
126880559162077184	#twitter why must you be so difficult ?	^ R V O V R A ,	positive
126865431142219776	gooodnight #twitter	! ^	negative
126862726311059457	#Twitter Introduces Free Twitter Web Analytics Tool http://t.co/HdLjWzaw via @HubSpot #reporting	^ V A ^ ^ ^ N U P @ V	neutral
126873420192423936	RT @Ashu180489 : Progress is a Process , Surprised to see a sensible topic trending worldwide in #twitter	~ @ ~ N V D N , V P V D A N V A P ^	neutral
126872299709280256	@twitter + @tumblr = Drugs are severe . #twitter #tumblr	@ & @ , N V A , # #	neutral
126870931040768000	these #chickz on #twitter stay with they #mommy	D N P ^ V P O #	neutral
126867680966881280	@STARANDDRAMA & JAMMERS302 BE #KILLIN #TWITTER #FOLLOW US	@ & ^ V V ^ V O	neutral
126880223433195520	RT @Capo_Young : ONE SERIOUS STATEMENT THO ! #Twitter BLOCKED the #Troy Davis #TT #Twitter was COOL w #AmberCole in my opinion .... BU ...	~ @ ~ $ A N R , ^ V D ^ ^ # ^ V A P ^ P D N , G ~	neutral
126859856782163968	Wow jus made a #TWITTER i reallly dnt kno how o2 use it so i neea alittle help	! R V D ^ O R V V R ^ V O R O V R V	neutral
126867577925406721	RT @Charlielace : Instead of updating your #Twitter why don't you update your life !	~ @ ~ R P V D ^ R V O V D N ,	neutral
126876750788567040	My 3 biggest obsessions : #twitter , #dancemoms , and #desperatehousewives . <3	D $ A N , ^ , # , & # , E	neutral
126858393909608448	@ZackSiam you just might be the most influential man in the #twitter universe	@ O R V V D R A N P D ^ N	positive
126861823797493760	its ok to put up bible verses & encouraging post about God on #Twitter , but make sure you stand by your words , cause your an example .	L A P V T A N & V N P ^ P ^ , & V A O V P D N , P L D N ,	neutral
126871971827953664	Haven't been on this Twitter shit in a while man . Here because looks like #AboutThatLife be haven hella fun on #Twitter	V V P D ^ N P D A N , R P V P ^ V N A N P ^	neutral
126868475892338688	#TWITTER SUCKS FOR HAVING A #FOLLOW LIMIT =\	^ V P V D N N E	positive
126881010301419520	It's almost 4:20 . Where is your bong ? Is it packed ! Let's rip a bowl over the time space continuum that is #Twitter	L R $ , R V D N , V O V , L V D N P D N N N P V ^	negative
126853298996252674	#Twitter Off !	^ P ,	neutral
126882493059170304	" #twitter's dumb , I don't like it . " Hush up , Justin .	, # A , O V V O , , ! T , ^ ,	neutral
126853667738497025	RT @J_Roc616 : She lovin #JohnnyVegas !! But no #Twitter	~ @ ~ O V ^ , & D ^	neutral
126857044677505024	#ThingsWeAllHate false advertisement via #twitter lol	# A N P ^ !	neutral
126883335875203072	finally logged back in !!!! what's up #twitter !!!	R V R P , L T ^ ,	neutral
126874374077816832	Do you Share More #jokes #quotes #music #photos or #news #articles on #Facebook or #Twitter ?	V O V A # # # # & # # P ^ & ^ ,	neutral
126862842052874240	#Retail friends , follow @MicrosoftHelps on #Twitter . A GREAT resource and the official account for @Microsoft #CustomerService & Support !	# N , V @ P ^ , D A N & D A N P @ # & N ,	neutral
126858953673027584	#Twitter #Off '	^ # ,	neutral
126862573697114112	Goodnight #twitter see you in the morning for another #successful day !	! ^ V O P D N P D A N ,	neutral
126861997127110657	RT @Charlielace Instead of updating your #Twitter why don't you update your life !	~ @ R P V D ^ R V O V D N ,	neutral
126878176063389696	RT @SharonHayes : Top 50 #Twitter Acronyms , Abbreviations and Initialisms http://t.co/nEqHcJsY /via @ruhanirabin	~ @ ~ A $ ^ ^ , N & ^ U P @	neutral
126873883172274176	#twitter keeps me company when i can't sleep ! (:	^ V O N R O V V , E	neutral
126883211006590976	woke up dis morning so i'm stil alive #twitter	V T D N P L R A #	positive
126878545338310656	#twitter be making my ass stay up later than planed	^ V V D N V T R P V	neutral
126870943489466368	#Oomf dnt start dis sh*t on #twitter	# V V D N P ^	neutral
126864043154751489	RT @frizzy_drizzy : @iTaylor_Simpson u post on #twitter to much like ery 5 sec #Damn	~ @ ~ @ O V P ^ P R P A $ N #	neutral
126866968912478208	GN #twitter off .	! ^ T ,	neutral
126870807191363584	People aren't the same as they wanna be perceived on #twitter ... Please believe I'm that crazy bitch at work who slaps everyones ass in line	N V D A P O V V V P ^ , V V L D A N P N O V D N P N	neutral
126872371901640705	RT @JonJars : #twitter ; for those statuses you'd never post on #facebook	~ @ ~ ^ , P D N L R V P ^	neutral
126870454299398144	#Recruiting Tip : Ask yourself : why am I not building my personal brand on #LinkedIn , #Twitter , and #Facebook ?	# N , V O , R V O R V D A N P ^ , ^ , & ^ ,	neutral
126872886748266496	Hey I'm doing this , at this place , around this time ( you should come ) . #Twitter	! L V O , P D N , P D N , O V V , , #	neutral
126877585488609282	#twitter that's wassup ! lol !	^ L ! , ! ,	neutral
126875416760815616	#twitter OFF <3	^ P E	neutral
126871758757306368	I need 2 unfollow some of these wannabe G's! RT @SteveGr8ofTeeZ : RT @The_Kase Do real thugs have #twitter ? #confusedbymytimeline //Hell no .	O V P V D P D N G ~ @ ~ ~ @ V A N V ^ , # V R ,	neutral
126877557550354433	@Obamaphile @vegascharlieb your not in #twitter jail again r u ?	@ @ L R P ^ N R V O ,	neutral
126861941372239872	I've pretty much abandoned Facebook for Twitter . #twitter'slegit	L R A A ^ P ^ , #	neutral
126880385605976064	RT @netteo81 : RT @nine_oh SIMPLY DA BEST ON #TWITTER MY TWEEPS @jbdancingmachin @EpicQuotesOrg @gowhitedawg ( cont ) http://t.co/rcpe86Bw	~ @ ~ ~ @ R D A P ^ D N @ @ @ , ~ , U	positive
126874811296251904	Twitter's Thinking About Paying People to Tweet - Technology - http://t.co/zA9h5o5U #PayMe #Twitter	Z V P V N P V , N , U # #	neutral
126864979432456193	Shes a freaked out philosopher on #twitter lol girl bye	L D V T N P ^ ! N !	neutral
126867947418427393	RT @BucBoyy : - Ima Addicted To #Twitter .	~ @ ~ , L V P ^ ,	neutral
126867774738927617	@HectorAlteto welcome to the #twitter	@ V P D ^	neutral
126863457642483712	goodnite #twitter (:	! ^ E	neutral
126870623086592000	RT @BucBoyy : - It's So Funny Because She Got A #Twitter Now Lol .	~ @ ~ , L R A P O V D ^ R ! ,	neutral
126863409680625664	#Retweets section of my #twitter account has not been working for 17 hours ! Is Everyone else having this problem ? #RT #RTs	N N P D ^ N V R V V P $ N , V N R V D N , # #	neutral
126869706639544320	This nigga need to go to #Twitter Jail	D N V P V P ^ ^	negative
126856541453291520	Put your twitter on autopilot and let it gain followers for you !! http://t.co/hze1TqAl #TeamFollowBack #Twitter #autopilot #1000aday 23	V D ^ P ^ & V O V N P O , U # # # # $	neutral
126867487659786240	Thank you , me too . Looking forward to reviewing your book @WarrenWhitlock #twitter #authors #socialmedia	V O , O R , V R P V D N @ # # #	neutral
126876593531518976	Goodnight , #Twitter .	! , ^ ,	neutral
126859710740701185	Lets not throw CJ under the bus yet .. Hes still a 100 million dollar #twitter guy !	L R V ^ P D N R , L R D $ $ N ^ N ,	neutral
126865691923062784	for some reason #twitter isnt allowing me to see my tweets that got retweeted .	P D N ^ V V O P V D N P V V ,	neutral
126869466054275073	#Twitter : What's happening ? #Facebook : What's on your mind ? #Myspace : Where is everyone ?	^ , L V , ^ , L P D N , ^ , R V N ,	negative
126868570226425856	I like #twitter	O V ^	neutral
126862309497905152	#twitter /off	^ A	positive
126868888074989568	RT @mmurrayphoto : Sounds like #CJ20K is going down sooner than later . #twitter #lookout	~ @ ~ V P ^ V V T R P R , # #	neutral
126861916286103552	#Twitter &FBOff	^ ^	neutral
126875787818319872	#OkUPrettyBut you never talk shit on #Twitter @HannahMcCall1 :)	# O R V N P ^ @ E	neutral
126869769608642560	My Facebook messed up and I had to make a new one so ... add me ! Haha at least #twitter is reliable	D ^ V T & O V P V D A $ P , V O , ! P A ^ V A	neutral
126857082199744513	RT @yaksys : My #twitter age is 1 year 243 days 22 hours 31 minutes 44 seconds . Find out yours at http://t.co/dniOkchP #twittertime	~ @ ~ D ^ N V $ N $ N $ N $ N $ N , V T O P U #	positive
126882349588815873	Put your twitter on autopilot and let it gain followers for you !! http://t.co/hze1TqAl #TeamFollowBack #Twitter #autopilot #1000aday 26	V D ^ P ^ & V O V N P O , U # # # # $	neutral
126875872165769216	Got this new #twitter app and a fresh ass theme with it ! FWM	V D A ^ N & D A N N P O , V	neutral
126883187300384768	Sounds like #CJ20K is going down sooner than later . #twitter #lookout	V P ^ V V T R P R , # #	positive
126861701168631808	#twitter off '	^ P ,	neutral
126865145812107264	Today I was introduced as BigDealDawson at #LGFW ! O #twitter and #social media I love you ! Teehee xx	N O V V P ^ P ^ , G ^ & N N O V O , ! E	neutral
126881080178507776	U put w/eva comes to mind on #twitter but let me try n do it ima be a rat or something smh the nerve of dese #NIGGAS!!!!'	O V P V P V P ^ & V O V & V O L V D N & N G D N P A N	positive
126871143431938048	i aint did shit on #twitter untill every girl of #http :/ / t.co/STr7gO6W following me #goalset lol	O V V N P ^ P D N P N E E U V O # !	neutral
126878948561924096	RT @Free_Nuttball #fuckyoumean #Pittsburgh don't got the best #twitter .	~ @ # # V V D A N ,	neutral
126872890007236608	@95hm You can directly share your #Facebook photos on #Twitter with http://t.co/wYD5RnxN	@ O V R V D ^ N P ^ P U	neutral
126879068800024576	@kaiylw0lf So #Tumblr is way more addictive than #Twitter ... but i still love both of them . and they can coincide with each other ! #bromance	@ P ^ V R R A P ^ , & O R V O P O , & O V V P D A , #	neutral
126882726061146112	Thanks for the #follow don't forget to add us to your #Twitter list	N P D N V V P V O P D ^ N	neutral
126858958894931968	#twitter ; for those statuses you'd never post on #facebook	^ , P D N L R V P ^	neutral
126869604214652929	Top 50 #Twitter Acronyms , Abbreviations and Initialisms http://t.co/nEqHcJsY /via @ruhanirabin	A $ ^ ^ , N & ^ U P @	neutral
126873153015263233	@DylawnWard 100 tweets already ? Damn son #twitter #whore #twitwhore #gi #get #it ?	@ $ N R , ! N # # # # # # ,	neutral
126880672190185472	I just installed the new Twidroyd for #Twitter on my #Android Phone - It's #Free , give it a try . http://t.co/dN3qwkkb	O R V D A ^ P ^ P D ^ ^ , L A , V O D N , U	neutral
126863240041996289	#Twitter should have Emoticons	^ V V N	neutral
126883124595527681	Put your twitter on autopilot and let it gain followers for you !! http://t.co/hze1TqAl #TeamFollowBack #Twitter #autopilot #1000aday 18	V D ^ P ^ & V O V N P O , U # # # # $	neutral
126871201778905088	RT @Juani_2 : You doing a lot of hating guy RT @Blue_Chipperz : This nigga need to go to #Twitter Jail	~ @ ~ O V D N P V N ~ @ ~ D N V P V P ^ ^	neutral
126863104280760320	37 Ways to Use #Twitter for BusinessMy #twitter age is 2 years 0 days 3 hours 31 minutes 17 seconds . Find out yours at http://t.co/xNCmtWWb #twittertime	$ N P V ^ P ^ ^ N V $ N $ N $ N $ N $ N , V T O P U #	neutral
126862899804246016	Progress is a Process , Surprised to see a sensible topic trending worldwide in #twitter	N V D N , V P V D A N V A P ^	neutral
126873903552405504	you got 18 mentions go click on them , run , run , run :::::::: only 1 new ::::: ha ha ha ha #Twitter was kidding with u #Twit2alsh	O V $ N V V P O , V , V , V , A $ A , ! ! ! ! ^ V V P O #	neutral
126872051242893312	 RT @D_SNAPS : RT @Charlielace Instead of updating your #Twitter why don't you update your life !	E ~ @ ~ ~ @ R P V D ^ R V O V D N ,	neutral
126876733877133312	RT @x_JustLucky_x : I don't know why I even bother checking FB anymore . I stare for two minutes and just log off lol #Twitter > Fb	~ @ ~ O V V R O R V V ^ R , O V P $ N & R V T ! ^ G ^	neutral
126881682266652672	@serendipityjane is the ultimate #twitter bff ! She uses #EFT to turn your frown upsidedown ! #Follow her & learn about her VIP class . It rocks !	@ V D A ^ N , O V N P V D N A , V O & V P D N N , O V ,	neutral
126865247465254912	Got to do it ! RT @ElderMLTillerJr : I am cracking up at @BishopWSThomas advertising for #Twitter LOL	V P V O , ~ @ ~ O V V T P @ N P ^ !	neutral
126872357099945984	#Retweet #RT #BabyMamaDrama #BabyDaddyDrama #Twitter #S /O to everyone who read my blog www.cpc504.blogspot.com	# # # # # # ^ P N O V D N U	neutral
126875692855078912	#Twitter to Reformat All URLs With T . coPut your twitter on autopilot and let it gain followers for you !! http://t.co/hze1TqAl #TeamFollowBack #Twitter #autopilot #1000aday 21	^ P V D N P N , V D ^ P ^ & V O V N P O , U # # # # $	neutral
126868397282689025	Some users are reporting problems with missing mentions . More info from #Twitter : http://t.co/dTQ23G5G	D N V V N P V N , A N P ^ , U	neutral
126862897639993344	Novo #Nick in #twitter . Hehe ' (:	^ ^ P ^ , ! , E	neutral
126879677737480192	What is the difference between #twitter and #googleplus ??	O V D N P ^ & ^ ,	neutral
126859833088552960	@ChinkiiBeauty y u up .. #Twitter	@ R O T , ^	neutral
126861195058757634	Best night inna while :) #newbestfriends wish you kids had #Twitter #amaturehour	A N & P E # V O N V ^ #	neutral
126864861576704000	AHHHH !!!!! FUCK IT !!! Goodnight !! #twitter	! , V O , ! , #	neutral
126864244716208129	@PrettyFuckn_Lee Welcum too #Twitter Cuz ;)	@ ! R ^ P E	neutral
126867786680111104	I don't see the point of following a news station on #twitter if there's breaking news people are gunna tweet about it anyway #obvs	O V V D N P V D N N P ^ P L V N N V V V P O R #	neutral
126862494437351425	@D_REALRogers BE SLEEP N WHO NOEZ WHERE I BE BUT HOW IT's it U so called sleep but every 5 sec u got a new #twitter post up #btfu	@ V N & O ! R O V & R L O O R V V & D $ N O V D A ^ V T !	neutral
126882248644493312	@The_DJ_Show #welcome to #twitter my #friend . #hashtags	@ V P ^ D N , #	neutral
126880978273697792	Hates facebook whores #twitter	V ^ N #	neutral
126882559522111488	why am i #rambling on #facebook i keep forgetting i have #twitter .. then remember and come back .. every 3 seconds .. -_- ... o_O	R V O V P ^ O V V O V ^ , R V & V R , D $ N , E ~ E	neutral
126876905696796672	groupies follow me like #twitter ..... lol jk	N V O P ^ , ! !	neutral
126862618836221954	RT “ @reimeraaron : #twitter keeps me from sleeping ! #soaddicted ”	~ , @ ~ ^ V O P V , # ,	neutral
126870792960086018	Log off #Facebook On #Twitter , But I Think i'm bout to going to sleep ...	V T ^ P ^ , & O V L R P V P V ,	neutral
126860038525562880	RT @FuckingShinez : #Twitter = #Dead " this is why im never on it now "	~ @ ~ ^ , # , O V R L R P O R ,	neutral
126871458998788096	Woooow I just log out from #twitter and there's more than 60 #tweets on my #timeline	! O R V T P ^ & L A P $ N P D N	neutral
126854358817181696	Thank you #twitter for not giving me the 10 tweets that have been tweeted at me in the past 3 days ! Lol #blameitontheiphone #ineedtoupdate	V O ^ P R V O D $ N P V V V P O P D A $ N , ! # #	neutral
126882761733705728	need #facebook fans , #twitter followers and #youtube views by nvida2 : i need … http://t.co/tK6IHH2B #freelance #job	V ^ N , ^ N & ^ N P ^ , O V , U # #	negative
126860527497515008	Getting some blank rows in my #Twitter feed on the website . Are you ?	V D A N P D ^ V P D N , V O ,	neutral
126864648577351681	How to Keep Up With Over 100,000 #Twitter Followers http://t.co/XD5GST4L for those of you with this many tweeps rock on , i'm not there YET =)	R P V T P P $ ^ N U P O P O P D A N V P , L R R R E	negative
126865511878361090	Follow me on #Twitter @CatchASet_ #TeamFollow <3	V O P ^ @ # E	neutral
126875280018112512	- It's So Funny Because She Got A #Twitter Now Lol .	, L R A P O V D ^ R ! ,	neutral
126874568655777793	Wowww | Can watching #Twitter trends help predict the future ? http://t.co/2bRzlsGc via @zite	! G V V ^ N V V D N , U P @	neutral
126872143081390080	Good Morning #Twitter ! Have a nice day . :}	A N ^ , V D A N , E	neutral
126862039225352192	Aye @Me_Cedez get my bay out da way @Ful1time ( swirlZ ) gotta #Twitter	! @ V D N P D N @ , G , V ^	neutral
126874058062184448	THANX ! @DesertBeacon @oldivory @bennettgina @yywhy #TWITTER Love and early #FF in case i cant see ! KEEP IT GOING ! #P2	N , @ @ @ @ ^ N & A N P N O V V , V O V , #	neutral
126866861521502208	Twhistler makes Twitter sing ! #twitter http://t.co/wwNZ6dx6	^ V ^ V , # U	neutral
126871606952853504	Finally off to bed .. Nighty night #twitter world !	R R P N , A N ^ N ,	neutral
126873484746952705	Boa noite #Twitter (:	^ ^ ^ E	neutral
126857676134166528	I just installed the new Twidroyd for #Twitter on my #Android Phone - It's #Free , give it a try . http://t.co/eKh5JmGp	O R V D A ^ P ^ P D ^ ^ , L A , V O D N , U	neutral
126879462041206784	From my blog : # #changingdiapers Party #Summary & Winners List http://t.co/QfZHtNJs #twitter #upcomingparty	P D N , # # N N & N N U # #	neutral
126865215915687936	#Twitter is blowing me ; I can't see my retweets ;(	^ V V O , O V V D N E	neutral
126869488007262208	#twitter I'm off to bed with two crazy pups . #lovethem http://t.co/FSLFpMOb	^ L R P N P $ A N , # U	neutral
126859782601703424	My #Twitter acting funnyyyyyyy ....	D ^ V A ,	neutral
126876493153452032	Well ... @Paging_Dr_A has gotten back on #twitter .. there goes my TL lol	! , @ V V R P ^ , R V D N !	negative
126865779349127170	#twitter off '	^ P ,	neutral
126866560756363264	@ZackSiezmagraff A few people are reporting #twitter retweets not working . Probably a technical problem .	@ D A N V V ^ N R V , R D A N ,	negative
126879988602519552	RT @igorlilmonster : My #twitter age is 2 years 153 days 5 hours 6 minutes 25 seconds . Find out yours at http://t.co/NjTHu7tM #twittertime	~ @ ~ D ^ N V $ N $ N $ N $ N $ N , V T O P U #	negative
126864167343894529	i love my background !! #twitter	O V D N , #	neutral
126880978185625600	#twitter is a fad . Was addicted now I don't rly care .	^ V D N , V A R O V R V ,	negative
126878824574095360	Night #Twitter	N #	neutral
126883590041640960	I lovee #Twitter #swaag !	O V ^ # ,	positive
126870745258266626	My DM's Come in So Fucking Late , Damn #Twitter	D N V P R R A , ! ^	negative
126858233032871937	YAAAAAAAAY @BoogieDeBeast made my Tallman #Twitter list standing 6'6 BaYbeeeee	! @ V D ^ ^ N V A N	neutral
126877263311536128	RT @callmePinoc : RT @Crazy_Golfer : " If you lose followers on #Twitter don't worry even Jesus lost followers " ~ Unknown #quote via @smqueue	~ @ ~ ~ @ ~ , P O V N P ^ V V R ^ A N , G A N P @	positive
126868622026080256	GN #Twitter Homies	! ^ N	negative
126875579172663296	« @BigBellyBigCuz RT @Free_Nuttball #fuckyoumean #Pittsburgh don't got the best #twitter . »	~ @ ~ @ # # V V D A N , G	neutral
126877186689998848	#twitter should i upload tweetdeck for my laptop ?!	^ V O V ^ P D N ,	neutral
126879106347433984	My 100 tweet goes to #twitter . Thanks for providing me with another way of keeping me busy during school !	D $ N V P ^ , N P V O P D N P V O A P N ,	neutral
126873866575425536	Can you say #twitter those #followers who are #following me ??	V O V ^ D N O V V O ,	neutral
126867506127310848	RT @nagoul1 : Can anyone please explain to us why the #Retweet " issue " is happening to many , but not to others ? #twitter #tweeting #tweeps	~ @ ~ V N V V P O R D N , N , V V P A , & R P N , # # #	neutral
126877171926040576	I can't believe @mr_malie504 is not on #Twitter	O V V @ V R P ^	positive
126863470397366272	@glaad I already purple mine !! 1 Both accounts on #Facebook and #Twitter	@ O R A N , $ D N P ^ & ^	neutral
126874228296396800	RT @ahhfuckitsguss : #twitter can be so useful on letting out your feeling when you cant in the real world .	~ @ ~ ^ V V R A P V P D V R O V P D A N ,	neutral
126879073220829184	Yu cant answer , But yu can b on #Fb Nd #Twitter	O V V , & O V V P ^ ^ ^	neutral
126872004652580864	#twitter :)	^ E	neutral
126858477942476800	#Tweetdeck working but not #Twitter for #Android	^ V & R ^ P #	positive
126881073366958080	Anyone in #twitter land know if retweets are broken ? Haven't seen any since Tuesday .	N P ^ N V P N V A , V V D P ^ ,	neutral
126859371094360064	@_ahooten23 welcomee to #twitter	@ V P ^	positive
126856421907243009	@jacobstanton2 you're actually #toocool for #twitter :)	@ L R V P ^ E	neutral
126879964619485185	Need to study vocabb :/ #twitter addicted	V P V N E ^ A	negative
126879463450488832	#twitter off !!...	^ P ,	neutral
126875958694260736	RT @VanillaLatte_xD : #omfg .. #Twitter , Why fxck up ? I wanna see my Retweets " /	~ @ ~ # , ^ , R V T , O V V D N , ,	neutral
126879867731062784	alrite back to this lab report . Later #Twitter	! R P D N N , R ^	neutral
126859115657043968	#twitter I hope all of you never stop dreaming ! Because dreams fuel your soul ! I love dreaming big and seeing what happens !	# O V D P O R V V , P N N D N , O V V A & V O V ,	neutral
126858852976181250	Niggas be in they feelings on #twitter hella funny	N V P D N P ^ R A	negative
126862407309082625	RT @Prettynesz : #twitter still not showin my mothafuckin #retweets . .	~ @ ~ # R R V D A N , ,	neutral
126862244427468800	Bedtime good night #twitter #goodnightworld	N A N # #	neutral
126874138836074497	@KylisInATL HEY ! Get Back On #Twitter :-)	@ ! , V R P ^ E	neutral
126864510194683904	#Occupy #Twitter ... Let's make Twitter a Social Media not a just a Bulletin Board . Engage ! Interact ! Socialize !	# # , L V ^ D A N R D R D N N , V , V , V ,	negative
126873364173299712	@AlexMufferi #twitter > facebook	@ # G ^	neutral
126878311497474048	@GForbz3 ma g wass good with you !! Didn't even kno you was on #twitter when was the last time you touched down in the city ??	@ D N V A P O , V R V O V P ^ R V D A N O V T P D N ,	neutral
126878062846554114	#Twitter Im coming home Im coming home tell the world that Im coming home lls	^ L V N L V N V D N P L V N !	neutral
126875378013843456	People should be more interesting on #facebook and #twitter at midnight . I'm getting bored .	N V V R A P ^ & ^ P N , L V A ,	positive
126862767520096257	RT @MizzSpicey : Now tuned in to http://t.co/DYMDmU3z with @deejaydenco ! #WorldWide #Twitter #Facebook join me !!! #RT	~ @ ~ R V P P U P @ , # ^ ^ V O , #	neutral
126859044756520960	search #facebook for " FACEBOOK/TWITTER INDIE ARTIST MUSIC NETWORK ( WORLDWIDE ) " add yourself for more #twitter followers ! network here !	N ^ P , ^ ^ N N N , A , , V O P A ^ N , N R ,	neutral
126870923591692288	#twitter and fb# off	^ & ^ P	negative
126859053757501440	RT @Lecko_alx : My #twitter age is 2 years 94 days 1 hour 40 minutes 33 seconds . Find out yours at http://t.co/spItzFcx #twittertime	~ @ ~ D ^ N V $ N $ N $ N $ N $ N , V T O P U #	neutral
126868783431303168	SO I HAD HER MAKE A #TWITTER SHE'S HOT & SEXY EVERY ONE FOLLOW ONE 1 MA NEW FOLLOWER'S @Rocioo08 LEGOOO ! ! !	P O V O V D ^ L A & A D $ V $ $ D A N @ ! , , ,	neutral
126862391924375552	#twitter and #Facebook gone get sumbody beat up mane everybody b so reckless	^ & ^ V V N V T N N V R A	neutral
126875805505691648	JOIN OUR #TT ON #TWITTER FOLLOW @ThisIsYungFRESH & @macDej #TT #RatchetSymptoms	V D N P ^ V @ & @ # #	neutral
126880253145657344	If u say u 100% REAL all the time ... KILL YOURSELF ASAP !.. Everybody have their fake moments so don't Front for #Twitter -----_________-------	P O V O $ N X D N , V O R , N V D A N P V V P ^ G	neutral
126876004730933250	Apples to oranges maybe , but #Twitter is way more engaging than #FB . Content vs . Stalkerismo	N P N R , & ^ V R R A P ^ , N V , ^	neutral
126882970811379712	RT @EverettColdwell : @SusanFelicity One really good thing with #twitter is that most people appear to be on the progressive , left , socia ...	~ @ ~ @ $ R A N P ^ V O A N V P V P D A , V , G ~	neutral
126860744913469440	RT @nine_oh : SIMPLY DA BEST ON #TWITTER MY TWEEPS @Mui_Dziak @Ecofriendly211 @wstein @imCHOKOLATEwhoU @SoDear2MyHeart @sscoop4 @PyrexPress	~ @ ~ R D A P ^ D N @ @ @ @ @ @ @	neutral
126873707066048513	watching a " new " interview with @L1LD3BB13 giving props to #twitter glad to see her out on her own doing her own thang ;	V D , A , N P @ V N P ^ A P V O T P D N V D N N ,	positive
126876125107462144	Its 11:56 & , im going to sleep now >.< O'well :) good night #Twitter .	L $ & , L V P V R E ! E A N ^ ,	positive
126868751533617152	Your #Twitter followers either like you for your sense of humor or sex appeal .	D ^ N R P O P D N P N & N N ,	neutral
126873680654516224	#twitter Scientists Use Twitter To Track Flu Epidemics , How to Stay Healthy This Flu Season ( RT This ) http://t.co/ZhgyinIi	^ N V ^ P ^ ^ N , R P V A D N N , V O , U	neutral
126869448069095424	RT @Hirudineajigane : #Twitter Thank you . Read those great tweets . helps live better ! :) Bows . http://t.co/FNKBW24F	~ @ ~ ^ V O , V D A N , V V R , E V , U	neutral
126877998115852288	RT @smart__reMarks RT @Its_kcheese : some stuff you only find on #TWITTER lolz <---- LMAO	~ @ ~ @ ~ D N O R V P ^ ! ~ !	neutral
126860492261167104	“ @JennyOrWuuut : I wishh #twitter would tell me who retweets my stuff . ” it does	, @ ~ O V ^ V V O O V D N , , O V	neutral
126868950637219840	Don’t seek followers unless you’re ready to treat them like the real people they are http://t.co/qa1JFSka #Twitter RT @TweetSmarter	V V N P L A P V O P D A N O V U # ~ @	neutral
126881167541665792	01:50 no #msn e no #twitter e #Facebook .	$ ! G G D N N ^ ,	neutral
126861149726715904	@obsexxed69 got one of the dopest blogs on #Twitter and #Tumblr ... #RealTalk	@ V $ P D A N P ^ & ^ , #	neutral
126862734863241217	#twitter #OFF	^ !	neutral
126882730154803200	@FATBOYFRESH87 Hey brotha I forgot you had a #twitter	@ ! N O V O V D N	neutral
126879022188724224	@natemarozzi that's what #Twitter is for	@ L O ^ V P	neutral
126864423037046784	@JenWeedin listen here , @ShaunaWalters8 is new to #twitter and needs practice . support her here brat ! #goodsamaritanswag	@ V R , @ V A P ^ & V N , V O R N , #	neutral
126868533991849988	pinto el sueño #Twitter #OFF	N N N ^ #	neutral
126874909933711361	Well that's my que , bye #Twitter , #oomf finna start quotin lines from #ATL lol	! L D N , ! ^ , N P V V N P ^ !	neutral
126862999720951808	i want him to make a #Twitter	O V O P V D ^	neutral
126872511492263937	RT @MonicaaC_ : Damn tired ! .. Need some rest ! Night #twitter	~ @ ~ ! A , , V D N , N #	neutral
126861895436206081	@MindPhucked you changed your #twitter name ?!	@ O V D ^ N ,	neutral
126869175053467649	So im about to make another #twitter account since this one fucked up	P L P P V D ^ N P D $ V T	neutral
126880429256093696	According to #twitter I have the same amount of followers as followees .... #notgoingtolast	V P ^ O V D A N P N P N , #	neutral
126864404196241408	@jacobstanton2 @Ryan_Burke4 doesn't take much to be cool on #twitter	@ @ V V A P V A P ^	neutral
126868993263943682	#twitter goin hammer	^ V N	negative
126879257975734272	Dear #twitter , Now that we all know I'm awesome could you write me a new " all about me " for my profile because really you do know me best .	A ^ , R P O X V L A V O V O D A , X P O , P D N P R O V V O A ,	neutral
126875301157404672	why tha fuck ppl post everything on #twitter u cant #im on here what is it for someone tell me please	R D N N V N P ^ O V V P R O V O P N V O V	neutral
126867400250490880	If @Mr_A_Johnson is up . #twitter is gona have some technical difficulties	P @ V R , ^ V V V D A N	neutral
126866438517567488	I'm on one tonight ... #tripping ! Lol eff yal ... its #twitter !	L P $ N , V , ! N O , L ^ ,	neutral
126864237200023553	- My Cute Friend @MelodyBtcc Finally Got A #Twitter :)	, D A N @ R V D ^ E	neutral
126865888724004864	Okay .. I feel slightly more connected to the world and have put #facebook and #twitter on my #blackberry .. its not the same .. but it helps	! , O V R A A P D N & V V ^ & ^ P D N , L R D A , & O V	neutral
126872320043257857	Boaa noite #twitter *-*	^ ^ ^ E	neutral
126859789883015168	Out of my 7 months of actually gettin on #Twitter . I've only been in #TwitterJail lik 3 times .... #ThugLife ! They were long sentences ! Lol :)	P P D $ N P R V P ^ , L R V P ^ P $ N , # , O V A N , ! E	neutral
126883416280006656	" @ClearlyCassi_ : I'll never forget the day we met , or how we kissed the first time . " /// I met you on #twitter and I haven't kiss you yet :p	, @ ~ L R V D N O V , & R O V D A N , , , O V O P ^ & O V V O R E	positive
126882653893967872	* singing* ! everytime I try to leave something keeps pulling me back ( me back ) telling me I need #Twitter & all that . lol (:	, V , R O V P V N V V O R , O R , V O O V ^ & X O , ! E	neutral
126866557325426688	@Teah2015 I had to inform my #twitter account that you weren't a stranger and give you permission to see my stuff . Not sure why that is ..	@ O V P V D ^ N P O V D N & V O N P V D N , R A R O V ,	neutral
126883711131201536	Well ... #twitter Off ,,,,	! , ^ P ,	neutral
126883290782244864	Im gonna need #Twitter to get all these problems fixed ASAP .	L V V ^ P V D D N V R ,	positive
126860373117775872	#ihateitwhen i think of a cool twit , by da tym i grab da fone & load #twitter i would have forgotten it !!! #dumbass	# O V P D A N , P D N O V D N & N N O V V V O , #	neutral
126871626133417985	@BADDchikkENT See What I Mean #Twitter o_O	@ V O O V ^ E	neutral
126876956443688960	RT @mixedchik22 : #Twitter .... Side Affects include : Procrastination , No Sleep , Unable to Focus on ANYTHING , Subtweeting , RT , TT , and Low ...	~ @ ~ ^ , N V V , N , D N , A P V P N , V , V , N , & A ,	negative
126869765049434112	Everyone be sure to follow me on #twitter @mellee_love and check out my boy @TheRealDWI CT stand up !!	N V A P V O P ^ @ & V T D N @ ^ V T ,	neutral
126864231718076417	Out of #curiosity , #doesanyoneknow if it's against the #Twitter #TOS to use #hashtags so #eggregiously as I seem to be doing #tonight ?	P P ^ , # P L P D ^ ^ P V ^ P R P O V P V V N ,	neutral
126870358816067584	High as a mother fucker I'm addicted to #Twitter can't even go to sleep lol	A P D N N L A P ^ V R V P V !	negative
126867201776037888	Yooooooo #twitter ! @NowThatsBASIC_ is the new #AmberCole who wanna go 1st ? ayyeee she does this shit for a living .	! ^ , @ V D A ^ O V V A , ! O V D N P D N ,	neutral
126870593764208640	Let's go see what is trending on #Twitter tonight ?	L V V O V V P ^ N ,	neutral
126880571233280000	yeah im gon #twitter but fuck wit me ....	! L V ^ & V P O ,	neutral
126882427661582336	i better be able to see my RT's tomorrow #twitter and tell that lil blue ass bird , and fat ass over capacity whale to !	O R V A P V D N N ^ & V D A A N N , & A N P N N P ,	neutral
126871562707144704	Instead of updating your #Twitter why don't you update your life !	R P V D ^ R V O V D N ,	neutral
126879608120418305	Twitter Buzz Builds for the Occupy Wall Street Movement [ CHARTS ] http://t.co/h8geayT5 #twitter	^ ^ V P D N ^ ^ N , N , U #	neutral
126877335399051264	RT @SomalyMam : You follow me on #twitter , Like my #Foundation on #facebook http://t.co/A1zgaK5l ! Together we can stop #humantrafficking	~ @ ~ O V O P ^ , P D N P ^ U , R O V V N	negative
126876490364223488	Time for bed good night #twitter	N P N A N #	neutral
126881072167399425	Tried explaining #Twitter to my mom , but her " why would you want to do that ? " argument was pretty bulletproof . #igiveup	V V ^ P D N , & O , R V O V P V O , , N V R A , #	neutral
126860341941518336	Goodmorning #twitter ! :)	! ^ , E	neutral
126866187790450688	Adult swim #twitter	N N N	neutral
126870920018137088	coming back soon !!!! #twitter ...	V R R , # ,	negative
126875159800987649	I just installed Twidroyd for #Twitter on my #Android Phone - It's #Free and you can mute users :) http://t.co/JlrUWRf6	O R V ^ P ^ P D ^ ^ , L A & O V V N E U	neutral
126880108718989313	Yep it's official , my tweets that get RT'd aren't showing me when they get RT'd . Dammit #Twitter , sometimes it's #Love /Hate thing we have !!	! L A , D N P V V V V O R O V V , ! ^ , R L N V N O V ,	neutral
126865879848853505	Put your twitter on autopilot and let it gain followers for you !! http://t.co/hze1TqAl #TeamFollowBack #Twitter #autopilot #1000aday 1	V D ^ P ^ & V O V N P O , U # # # # $	neutral
126863772877996034	bout to pull up ... he see me on #twitter his ass gone flip	P P V T , O V O P ^ D N V V	neutral
126868404182319105	People that do this " #This #Is #My #Twitter " and pound everything . Needs to delete their Twitter .	N P V O , # # # # , & N N , V P V D ^ ,	negative
126878058278952960	Wordd " @BblowPoundz This #TT was well needed cuz I thought #Twitter was dien .	! , @ D N V R V P O V ^ V V ,	neutral
126866422012981248	Swaagg me outt #twitter	N O T ^	neutral
126879491124506624	My #twitter age is 2 years 160 days 2 hours 28 minutes 32 seconds . Find out yours at http://t.co/3YI2oDVK #twittertime	D ^ N V $ N $ N $ N $ N $ N , V T O P U #	neutral
126858961159864320	Top thing you would change about #twitter - go !	A N O V V P ^ , V ,	neutral
126865121938116608	What do u think of Location Lock's new #twitter #logo ? Can u see the cross hairs for when GPS tracking locks on 2 ur fleet vehicle ?	O V O V P N Z A ^ N , V O V D N N P R ^ V V P P D N N ,	neutral
126876099786444800	RT @nicolebanyots : #twitter UH , SHOW ME MY RETWEETS , OR ILL GO BACK TO FACEBOOK . K ? K .	~ @ ~ ^ ! , V O D N , & L V R P ^ , G , ^ ,	neutral
126876467631104000	Well I'm kinda really #bored right now .... time to waste some time reading #quotes on #twitter	! L R R V R R , N P V D N V N P ^	neutral
126863957767110656	“ @Blue_Chipperz : This nigga need to go to #Twitter Jail ” DAAAYUM DOG !! lOl	, @ ~ D N V P V P ^ ^ , ! N , !	neutral
126858607789740032	Twitter Buzz Builds for the Occupy Wall Street Movement [ CHARTS ] #twitter #occupywallstreet #teamfollowback #autofollow http://t.co/IRYn5Vis	^ ^ V P D N ^ ^ N , N , # # # # U	negative
126863060794224640	My #twitter age is 1 year 148 days 1 hour 15 minutes 56 seconds . Find out yours at http://t.co/hcR3FSpD #twittertime	D ^ N V $ N $ N $ N $ N $ N , V T O P U #	neutral
126857475034071040	Some1 shld create a Business where they take ppl's #twitter streams over a period of time & make them into a nice book . #keepsake #urwelcome	O V V D N R O V Z ^ N P D N P N & V O P D A N , # #	neutral
126879413013987328	RT @Str8Talk123 : Need to step my #twitter game ! Where is #teamfollowback #miami #ff @JAYSCANDRETH @WhatupHOE1211	~ @ ~ V P V D ^ N , R V # # # @ @	neutral
126875204772311040	#Twitter is hella funny when got people on here you grew up with .... lmao	^ V R A R V N P R O V T P , !	neutral
126873546017357825	#LOVATICS ! Wanna be in a fan book for @ddlovato let me know and ill send wat needs2b in it via #twitter	N , V V P D N N P @ V O V & L V O N P O P ^	neutral
126883640671076352	@grahamgoingham it's a true delight to see you on #Twitter . P.S. you rocked the house tonight .	@ L D A N P V O P ^ , ! O V D N R ,	neutral
126876559977095168	#JustBecause you got a few followers on #twitter don't make you a celebrity	# O V D A N P ^ V V O D N	neutral
126867767914799104	#twitter is like therapy for sum people say wat you feel & get alot off yo chest .. And don't care wat the next person say	^ V P N P D N V O O V & V N P D N , & V V O D A N V	neutral
126866376899035136	#twitter is great once you get the hang of it “ @HaxxDubbz : @CBMonarch @Bran_Day I told her to get one to be a cool kid lol ”	^ V A R O V D N P O , @ ~ @ @ O V O P V $ P V D A N ! ,	neutral
126879506521792513	#Twitter is Fawkin up !!!	^ V V T ,	neutral
126860714118885376	37 Ways to Use #Twitter for BusinessRT @Xo_Rosibel_ : HEY EVERYBODY THAT HAS A #TWITTER FOLLOW ME NOWW @Aye_Cassandra @TeenSwagQuotess @_FcknJane @autumn_tarbania @Ayoo_Mari ...	$ N P V ^ P ^ @ ~ ! N O V D ^ V O R @ @ @ @ @ ~	neutral
126864475247742977	RT @AHennessyWorld : #Twitter I apologize 4 being out of line regardless what sum1 does I promise 2 remain humble keep it from public ey ...	~ @ ~ ^ O V P V P P N R O O V O V P V A V O P A G ~	neutral
126872492118769664	Tired A'f >.< #Twitter Off	A N E ^ P	negative
126862902325022720	@Garr_Williams isn't this place great ? #twitter	@ V D N A , #	neutral
126875457265205248	RT @ThisIsYunGFRESH : JOIN OUR #TT ON #TWITTER FOLLOW @ThisIsYungFRESH & @macDej #TT #RatchetSymptoms	~ @ ~ V D N P ^ V @ & @ # #	neutral
126871041225134080	RT @Its_kcheese : some stuff you only find on #TWITTER lolz	~ @ ~ D N O R V P ^ !	neutral
126873003920330752	@iTaylor_Simpson u post on #twitter to much like ery 5 sec #Damn	@ O V P ^ P R P A $ N #	neutral
126876600083025920	RT @zaibatsu : Should You Follow Back On Twitter ? http://t.co/4Wwdy96I #sm #twitter	~ @ ~ V O V R P ^ , U # #	positive
126883517706674176	Tips for Reaching Out to Twitter's 50 Million Daily Users http://t.co/IF3IVLWN #twitter #mediagofer #socialmedia @SMsavvy @PRmate @KMiones	N P V P P Z $ ^ ^ N U # # # @ @ @	neutral
126880883822166017	Sleep time . #twitter off	V N , # T	neutral
126866804575440897	RT @alibabaoglan : Presentation : 7 Best Ideas to Use #Twitter More Efficiently - http://t.co/AYMeFITC #howto	~ @ ~ N , $ A N P V ^ A R , U #	neutral
126882122077184000	#Twitter must be sharing , caring , interacting , socializing ... Don't K+ does who ignore you ... Give a K+ to thise who truly are #social	^ V V V , V , V , V , V ^ V O V O , V D N P O O R V A	neutral
126863972778508289	" @socialfans : Top Twitter Related Sites http://t.co/JoDmoruF #design " #twitter	, @ ~ A ^ A N U # , #	neutral
126883158942695425	#Twitter Buzz Builds for the Occupy Wall Street Movement [ CHARTS ] #SocialMedia #SMM http://t.co/X55u6i4w	^ ^ V P D N ^ ^ N , N , # # U	neutral
126880007741128704	Hello ! Welcome to #twitter RT “ @beabea210 : @ACCU_MED .... hello Accu-Med !!! ”	! , V P ^ ~ , @ ~ @ , ! ^ , ,	neutral
126877467507040257	I figgured if my #twitter Lady-Gems friends get new one's that I can too ! =) My New Boo http://t.co/dXN6NpIB	O V P D ^ ^ N V A S P O V R , E D A N U	neutral
126880656352481280	@MsTapoutBarbie Yep figured my shit is jacked . Dammit #Twitter !!	@ ! V D N V V , ! ^ ,	neutral
126861011813810176	Funny how social networks prod you to be always on ya keypad , #twitter-what's happening , #Fb-what's on your mind ?	A R A N V O P V R P D ^ , ^ V , ^ P D N ,	neutral
126867304549072896	I OUT #Twitter Till 2mar	O P ^ P R	neutral
126874783756455936	Put your twitter on autopilot and let it gain followers for you !! http://t.co/hze1TqAl #TeamFollowBack #Twitter #autopilot #1000aday 10	V D ^ P ^ & V O V N P O , U # # # # $	neutral
126867983455879168	Man i love #Twitter !!	! O V ^ ,	negative
126861776133431296	Twitter Buzz Builds for the Occupy Wall Street Movement [ CHARTS ] http://t.co/3xZgtWFx #twitter	^ ^ V P D N ^ ^ N , N , U #	neutral
126859124016300032	so #twitter who wants to buy me #lunch ?	P ^ O V P V O # ,	neutral
126865453221027843	RT @elishiawindfohr : #Twitter : Each second there are 2900 new tweets , for a total of 250 million per day and 7.5 billion per month . Rate ...	~ @ ~ ^ , D A X V $ A N , P D N P $ $ P N & $ $ P N , N ,	neutral
126863190691811328	#twitter is not #eharmony	^ V R ^	neutral
126863921465393152	#Twitter is interesting 24hrs a day . #Facebook is interesing 2hrs a day .	^ V A P D N , ^ V A $ D N ,	neutral
126862714957078528	@SusanFelicity One really good thing with #twitter is that most people appear to be on the progressive , left , social side . This scares gov .	@ $ R A N P ^ V O A N V P V P D A , V , A N , D V ^ ,	neutral
126862636922044417	time to change my twitter app , what's the best one for my iphone ? Help please ? #twitterapps : #twitter vs . #tweetcaster vs . #ubersoical ?	N P V D ^ N , L D A $ P D N , V V , # , ^ P , ^ P , # ,	neutral
126875943284379649	#twitter i love you !	^ O V O ,	neutral
126863766334873600	Some people take themselves way too seriously ... especially on #Twitter . It's amusing ... to say the least . Bless your heart ...	D N V D N R R , R P ^ , L A , P V D A , V D N ,	positive
126874346873556993	RT @WinklrSprinklr : @JenWeedin listen here , @ShaunaWalters8 is new to #twitter and needs practice . support her here brat ! #goodsamarit ...	~ @ ~ @ V R , @ V A P ^ & V N , V O R N , # ~	positive
126863212762247168	@simonsays_payme @KaleMurphy @chatoney #twitter addict .. Tweeting while being a Lil BITCH #jerkoffmore #KYS #SMILE http://t.co/7JDvu514	@ @ @ ^ N , V P V D A N # # # U	neutral
126860944352612353	#Twitter'OFF	#	positive
126867439177842688	Who the hell uses #twitter on a tv man . #panasonic #epicfail .	O D N V ^ P D N N , # # ,	neutral
126863814619709441	I'm goin 2 bed #TWITTER dead tonight	L V P N ^ A N	neutral
126879548687130624	I think I'm addicted to checking my #email , #twitter and #facebook	O V L A P V D N , ^ & ^	neutral
126881887049351168	Going to bed now #goodnight #twitter . Sleeping in tomorrow cuz it's fall break #winning	V P N R ! ^ , V P N P L N V V	neutral
126861410864087042	RT @extremejohn Stuck on Facebook ? I’m so sorry . http://t.co/JcJBfZ8W #Twitter #Google #Facebook	~ @ V P ^ , L R A , U ^ ^ ^	negative
126873323014590464	Dear #twitter I have missed you . Promise i'll keep in touch more often	A N O V V O , V L V P N R R	neutral
126868429796933632	Man #Twitter Is Gettin #BORING	! ^ V V #	neutral
126861734144245760	@TheRealJedaD If her name ain't #Twitter then ur not bcuz u been on here for a minute goin HAM ... lol , I'm Just Sayin !!	@ P D N V ^ R L R P O V P R P D N V N , ! , L R V ,	neutral
126865005009309696	Raza Abbas NumeroUno :: ( RazaNumeroUno ) : thanks for #following me on #Twitter ! Happy Tweeting !!!	^ ^ ^ G , ^ , , N P V O P ^ , A V ,	neutral
126863821594832897	who follows ppl then unfollows them ?!.. #YourLameAsHell tryna make it seem like your somebody IMPORTANT !! it's only #TWITTER ! smh ..	O V N R V O , # V V O V P D N A , L A ^ , G ,	positive
126876140269862912	RT @loveable_letty8 : Night #twitter	~ @ ~ N #	negative
126870356563722240	@KylieMessier yeahh you did ! It was about time . Caught the #twitter bug and now i'm hooked !	@ ! O V , O V P N , V D ^ N & R L V ,	neutral
126881203642040320	I HATE #TWITTER	O V ^	neutral
126865968021516288	- #twitter please forgive my last slew of tweets I'm having a rough night , but I pray you'll forgive me . #tosleepigo	, ^ V V D A N P N L V D A N , & O V L V O , #	neutral
126859887404777472	i just realized ... if i have a ridiculously long name in #twitter , no one could reply to me . * hmm * the possibilities .	O R V , P O V D R A N P ^ , D N V V P O , , ! , D N ,	neutral
126860415085973504	Shout out to my man @swaggination for reaching 1000 tweets #twitterswag #twitterdeity #twittermilestone #twitter #twitter #tweets	V T P D N @ P V $ N # # # # # #	positive
126867446220062720	RT @jeffbullas : What Is A #Facebook “ Like ” Worth For Your Business ? http://t.co/BsT25W2u #SMM #SocialMedia #Twitter	~ @ ~ O V D ^ , P , V P D N , U # # #	negative
126875183725297664	Dear #Twitter , I fucking missed you today , >> internet was down :/	A ^ , O V V O N , G N V R E	neutral
126864745587412992	#Twitter got DEAD as fuck all of a sudden !!!	^ V A P V D P D N ,	neutral
126866421719384065	People on #Twitter n #Facebook all day , wat are you really doin wit yo life .... #ImJusAskin	N P ^ & ^ D N , O V O R V P D N , #	neutral
126867948471189504	bye bye #twitter ;)	! ! ^ E	neutral
126877209813188608	I need to get off #twitter	O V P V T ^	positive
126867543955738624	Hello #twitter !	! ^ ,	negative
126883452820783104	RT @JOMANERH : My #twitter age is 234 days 13 hours 41 minutes 16 seconds . Find out yours at http://t.co/MT0VAJwd #twittertime	~ @ ~ D ^ N V $ N $ N $ N $ N , V T O P U #	neutral
126874943341330432	@PuraGenteBienAv me podrian dar el #face o #twitter del chavito qe siempre traee lentess transparentes le dicn #chicken little x fiiss :)	@ O ^ ^ ^ # P ^ ^ ^ ^ ^ ^ ^ ^ ^ ^ # A G G E	neutral
126864575508381696	RT @an_anonyma : U can't see who RTed Ur stuff , & this is because of #twitter #censorship ? Jeez , people . It's #binaryfaires teaching your ...	~ @ ~ O V V O V D N , & O V P P ^ N , ! , N , L # V D ~	negative
126878670685085696	I wanna RT a lot of tweets .. but my app won't work . What's the best #Twitter #App ??	O V V D N P N , & D N V N , L D A ^ N ,	positive
126861715752222720	@RashadHurst Pls let us know if you need help w/ music marketing promo . We got #Twitter & #Youtube on lock . http://t.co/fcPBcqLo	@ V V O V P O V V P N N N , O V ^ & ^ P N , U	neutral
126878620953231360	Thank you @logoninjas for following us on #twitter - awesome name btw !	V O @ P V O P ^ , A N G ,	neutral
126877612214726657	#IReallyHateWhenPeople TyP3 L ! k3 tH ! S Or #Use #Hashtags #In #Every #Word #On #Twitter	L V N , E G , G & # # # # # # #	neutral
126877900610875393	In that #twitter mood !	P D ^ N ,	neutral
126868233084080130	@Angelique_lique yooo my nigga i sooo blowed i forgot bout #twitter but im bkkkkkk	@ ! D N O R A O V P ^ & L A	neutral
126867012336095232	#facebook , #Twitter , #spongebob , #nirvana . Great way to spend the night . :D	^ , ^ , # , ^ , A N P V D N , E	neutral
126868090687459328	Good Night #Twitter && #TwitterTweeters :)	A N ^ & # E	neutral
126877750131818497	Put your twitter on autopilot and let it gain followers for you !! http://t.co/hze1TqAl #TeamFollowBack #Twitter #autopilot #1000aday 27	V D ^ P ^ & V O V N P O , U # # # # $	positive
126863216046374912	Use #Twitter to generate traffic to your website http://t.co/72YmN3kD	V ^ P V N P D N U	neutral
126858606695030784	Good morning #twitter .	A N N ,	positive
126868990730575872	Everybody a somebody on #twitter !!!!!! FAKE ASSES	N D N P ^ , A N	neutral
126866446323171328	RT @MinisterOnline : its ok to put up bible verses & encouraging post about God on #Twitter , but make sure you stand by your words , cause ...	~ @ ~ L A P V T A N & V N P ^ P ^ , & V A O V P D N , P ~	neutral
126863918646820864	Goodnight #twitter 	! ^ E	neutral
126867164253798400	#Twitter ( of )	^ , P ,	neutral
126866083708801024	facebook oof , #twitter of ... night night every1 !	^ ! , ^ P , N N N ,	neutral
126872201663229952	Sometimes I get so lost in #twitter that I end up living vicariously through other people #massconfusion	R O V P V P ^ P O V T V R P A N #	neutral
126873001198239744	Just hit my hourly usage limit on #twitter . How does that even happen ? All I'm doing is listing people ... and I was almost done ! #ugh	R V D A N N P ^ , R V O R V , D L V V N N , & O V R V , #	neutral
126871511326924800	@StaceHendrix Pls let us know if you need help w/ music marketing promo . We got #Twitter & #Youtube on lock . http://t.co/EWFffl35	@ V V O V P O V V P N N N , O V ^ & ^ P N , U	neutral
126877997717405697	SO IT'S BEEN A LOOONG MINUTE BUT #TWITTER , IM BACK & WITH A CLOTHING LINE ! #SWAGG	P L V D A N & ^ , L R & P D N N , #	neutral
126861181108498432	So much garbage . #Twitter	R A N , #	neutral
126882934568390656	#Twitter are you freaking kidding me #wth ... http://t.co/zKn2bu5R	^ V O V V O G ~ U	negative
126879028706672640	it runs the world #twitter	O V D N #	neutral
126866854240202753	@tas82011 Thnx . Isn't #Twitter pretty damn amazing ! Hope yr enjoying it . Fast like you and I !	@ N , V ^ R R A , V N V O , R P O & O ,	neutral
126862065649459200	Its new #Theme after #Updates have to b use with it . Though I like #Old theme of #Twitter for #Android	L A N P N V P V V P O , P O V A N P ^ P #	negative
126883300227817472	NIGGAS B TALK REACLESS OVA #TWITTER LIKE I DNT GOT DAT TOOL N MI TRUCK #BASKETBALL OV COURSE	N V V ^ ^ ^ P O V V D N & D N # P N	negative
126859623532732417	RT @nagoul1 : #Retweets section of my #twitter account has not been working for 17 hours ! Is Everyone else having this problem ? #RT #RTs	~ @ ~ ^ N P D ^ N V R V V P $ N , V N R V D N , # #	neutral
126864056366804992	I wishh #twitter would tell me who retweets my stuff .	O V ^ V V O O V D N ,	positive
126860835560755200	RT @drewbezanson : You can literally go back and forth between #Facebook , #twitter , #text and #email all do . #technology is too good .	~ @ ~ O V R V R & R P ^ , ^ , N & N D V , N V R A ,	neutral
126861418078277632	@karth_vader_ when did you change your nick again ? I no longer see any of your tweets on my timeline . Anything wrong with #twitter ?	@ R V O V D ^ R , O R R V D P D N P D N , N A P ^ ,	neutral
126869842769870848	How about @MattSloyer on the #twitter !	R P @ P D ^ ,	negative
126860802392195072	Shout ou to all my followers ! #TWitTER	V N P X D N , #	neutral
126865422174785536	ok man down ... I will own #TWITTER 2morrow !	! N R , O V A ^ N ,	positive
126867275113447424	RT @Nawwaf91 : Some people take ' following & unfollowing ' personally . #Twitter	~ @ ~ D N V , N & V , R , #	neutral
126860964992794624	@ManwitPURPOSE50 what are you doing now on #twitter ????	@ O V O V R P ^ ,	neutral
126871458726162432	My #twitter age is 2 years 153 days 5 hours 6 minutes 25 seconds . Find out yours at http://t.co/NjTHu7tM #twittertime	D ^ N V $ N $ N $ N $ N $ N , V T O P U #	neutral
126861321995173890	#twitter still not showin my mothafuckin #retweets . .	^ R R V D A N , ,	neutral
126865881069391872	My #twitter age is 1 year 19 days 13 hours 37 minutes 17 seconds . Find out yours at http://t.co/XhRUA9Dz #twittertime	D ^ N V $ N $ N $ N $ N $ N , V T O P U #	neutral
126881580521234432	Lls . && im actually tlkin about #twitter	! , & L R V P ^	neutral
126875761469689856	RT @extremejohn Stuck on Facebook ? I’m so sorry . http://t.co/aGHbaQmn #Twitter #Google #Facebook	~ @ V P ^ , L R A , U ^ ^ ^	neutral
126861382078578688	#Twitter'sMalfunctioningAgain	#	negative
126882542610690049	Okay #Twitter , it'd be muchhh appreciated if you could start working on my computer soon .	! ^ , L V A N P O V V V P D N R ,	neutral
126881136398962688	I just installed Twidroyd for #Twitter on my #Android Phone - It's #Free and you can mute users :) http://t.co/eM2yDlRs	O R V ^ P ^ P D ^ ^ , L A & O V V N E U	neutral
126870815877771264	wait ... i don't really care what people are doing in their daily lives #twitter	V , O V R V O N V V P D A N #	neutral
126876682207502336	I love #twitter #twitterswag	O V ^ #	negative
126870162510057473	AND HOW EVERYTIME I #GAIN A #FOLLOWER IT SAY I #LOSE ONE ? #FUCKINUP #TWITTER VERY HEAVILY ...... #PROMOALLDAY #TMW #FOLLOWLIMITISGAY #STEPITUP	& R R O V D N O V O V $ , # # R R , # # # #	negative
126871924059013120	@codytigernord Just a reminder that you fail on #twitter	@ R D N P O V P ^	neutral
126864301293182977	Gud morning #twitter	A N #	neutral
126862443275235328	“ @KekeLauren @IGoHard_NoBONER Yooooo " Mena Malia " lOl I love your #Twitter name ”	, @ @ ! , ^ ^ , ! O V D ^ N ,	positive
126861879598530561	RT @Gaabisfc_ : My #twitter age is 219 days 12 hours 26 minutes 28 seconds . Find out yours at http://t.co/eOCFm1kD #twittertime	~ @ ~ D ^ N V $ N $ N $ N $ N , V T O P U #	neutral
126883597239066625	I tried to explain why you would do " The #Twitter " : “ The Twitter ” : http://t.co/opjnrXlb @jefferypjacobs	O V P V R O V V , D ^ , , , D ^ , , U @	neutral
126865436590604288	@teggyboy00 oh wow lmao thank no wonder why no one answered me !! addicted #twitter	@ ! ! ! V D N R D N V O , V ^	neutral
126860898567589888	Damn tired ! .. Need some rest ! Night #twitter	! A , , V D N , N #	neutral
